,human_A_0_25,human_B_0_25,human_C_0_25,human_D_0_25,human_E_0_25,human_entropy_0_25,human_item_id,human_accuracy_0_25,SG_AREA,TX_GABARITO,IN_ITEM_ABAN,CO_PROVA,IN_ITEM_ADAPTADO,human_A_25_50,human_B_25_50,human_C_25_50,human_D_25_50,human_E_25_50,human_entropy_25_50,human_item_id,human_accuracy_25_50,SG_AREA,TX_GABARITO,IN_ITEM_ABAN,CO_PROVA,IN_ITEM_ADAPTADO,human_A_50_75,human_B_50_75,human_C_50_75,human_D_50_75,human_E_50_75,human_entropy_50_75,human_item_id,human_accuracy_50_75,SG_AREA,TX_GABARITO,IN_ITEM_ABAN,CO_PROVA,IN_ITEM_ADAPTADO,human_A_75_100,human_B_75_100,human_C_75_100,human_D_75_100,human_E_75_100,human_entropy_75_100,human_item_id,CORRECT_OPTION_HUMAN,human_accuracy_75_100,CO_POSICAO,SG_AREA,CO_ITEM,TX_GABARITO,CO_HABILIDADE,IN_ITEM_ABAN,TX_MOTIVO_ABAN,NU_PARAM_A,NU_PARAM_B,NU_PARAM_C,TX_COR,CO_PROVA,TP_LINGUA,IN_ITEM_ADAPTADO
0,0.133004242625268,0.2657678457999744,0.23269834869306763,0.1397204680112125,0.22880909487047743,1.5722224031430985,1,0.2657678457999744,LC,B,0,521,0,0.10560610949768742,0.3034806926965688,0.26204151876949555,0.1051027213079488,0.22376895772829944,1.5220189980438517,1,0.3034806926965688,LC,B,0,521,0,0.07469334818826474,0.4829731084159065,0.23536749824171238,0.057170694776326456,0.14979535037778988,1.3337615686416133,1,0.4829731084159065,LC,B,0,521,0,0.029877938866428037,0.7928995098670375,0.11846882805860995,0.0147404698752779,0.044013253332646635,0.741224259824673,1,B,0.7928995098670375,1,LC,118222,B,5,0,,4.32465,0.4917,0.2523,Laranja,521,1.0,0
1,0.25547943868688644,0.2152611068823962,0.1812925988814507,0.15416810334545564,0.19379875220381104,1.5950950463817333,2,0.15416810334545564,LC,D,0,521,0,0.1985365171259779,0.1999483476632698,0.11208772288521344,0.23755555316424368,0.2518718591612952,1.5768884779142789,2,0.23755555316424368,LC,D,0,521,0,0.1264041619780584,0.15155590076143716,0.0581760363527612,0.3908933062810497,0.27297059462669354,1.4344596358556987,2,0.3908933062810497,LC,D,0,521,0,0.04751282766912128,0.0680328044827068,0.018345177011099424,0.5978359346486614,0.2682732561884111,1.061497722480186,2,D,0.5978359346486614,2,LC,48558,D,6,0,,2.74411,0.68157,0.13769,Laranja,521,1.0,0
2,0.12438932406247426,0.18732525023083224,0.2724860958788315,0.2620173655212474,0.1537819643066146,1.5661449584566407,3,0.12438932406247426,LC,A,0,521,0,0.1198817077105065,0.17659318206258737,0.32661576513603613,0.212672330358103,0.16423701473276697,1.5518710581390984,3,0.1198817077105065,LC,A,0,521,0,0.20741949984621572,0.16914119547379539,0.3471868231609874,0.13871771874469013,0.13753476277431137,1.5409904848839364,3,0.20741949984621572,LC,A,0,521,0,0.5226710227772781,0.11609735993079451,0.24168256918938993,0.059790623343114545,0.05975842475942292,1.269117389490735,3,A,0.5226710227772781,3,LC,96705,A,8,0,,3.62651,0.79268,0.1043,Laranja,521,1.0,0
3,0.29583675877582094,0.10984553513907477,0.1730739613588396,0.17454898039309258,0.24669476433317208,1.5564640875297364,4,0.1730739613588396,LC,C,0,521,0,0.366987182935252,0.05627717736261514,0.17402763941812205,0.17586940665402961,0.2268385936299812,1.476290745847631,4,0.17402763941812205,LC,C,0,521,0,0.3852703223044673,0.04105870230666142,0.2117189499882763,0.16575996351676056,0.19619206188383445,1.444694331136243,4,0.2117189499882763,LC,C,0,521,0,0.30156621256447186,0.03266144524265885,0.4030663166638406,0.11023157280194719,0.15247445272708152,1.3693553573488182,4,C,0.4030663166638406,4,LC,39016,C,7,0,,3.76151,0.92828,0.14061,Laranja,521,1.0,0
4,0.17145972616043634,0.3872579624185982,0.14237402773080826,0.16243940931123887,0.13646887437891833,1.5142853645707002,5,0.17145972616043634,LC,A,0,521,0,0.3047159965138424,0.3580133205651018,0.07626507709357751,0.1244579778134045,0.13654762801407375,1.457355514296439,5,0.3047159965138424,LC,A,0,521,0,0.4612872482095258,0.2692197641672816,0.03632366007559899,0.10490059614346167,0.12826873140413192,1.330554630925106,5,0.4612872482095258,LC,A,0,521,0,0.6543486848319865,0.1531700572782935,0.012256438440862523,0.08255974718546316,0.09766507226339427,1.0519597456475953,5,A,0.6543486848319865,5,LC,118167,A,8,0,,2.4633,0.48099,0.09893,Laranja,521,1.0,0
5,0.23735834158527983,0.17093718381022033,0.2959029355355783,0.18235183710981237,0.11344970195910918,1.5608875864284522,6,0.2959029355355783,LC,C,0,521,0,0.1856729656768222,0.10474782534173202,0.5334490294382311,0.10410292668294982,0.07202725286026482,1.3091799771524202,6,0.5334490294382311,LC,C,0,521,0,0.13348786444719388,0.05995835808189863,0.6784566330086179,0.05234187543019618,0.07575526903209344,1.0506101674896682,6,0.6784566330086179,LC,C,0,521,0,0.0731884586193737,0.021628296878818933,0.8002619922560064,0.01819795637464464,0.08672329587115642,0.7375463840557964,6,C,0.8002619922560064,6,LC,118161,C,24,0,,1.77698,0.04697,0.05812,Laranja,521,,0
6,0.10460285325588967,0.2505902061355566,0.18468547133484683,0.2194036061325382,0.2407178631411687,1.5705172203433386,7,0.2505902061355566,LC,B,0,521,0,0.04638940013669778,0.3310271831471772,0.20162280410436167,0.1803746547738166,0.2405859578379467,1.4829745155020806,7,0.3310271831471772,LC,B,0,521,0,0.0237283992443622,0.39919933270577945,0.23088551572708696,0.15653324356024625,0.18965350876252518,1.3993906143166035,7,0.39919933270577945,LC,B,0,521,0,0.008252130567615373,0.4712225974165193,0.26437690947097603,0.1340472744814279,0.12210108806346144,1.2720124704052065,7,B,0.4712225974165193,7,LC,86563,B,3,0,,0.92314,1.22467,0.09006,Laranja,521,,0
7,0.18107870058546188,0.27229374989206084,0.1760357839835587,0.2791608379531285,0.09143092758579002,1.5443560091694488,8,0.18107870058546188,LC,A,0,521,0,0.22696949012840162,0.2840547606475459,0.14025439918262564,0.25126534186768323,0.09745600817374357,1.5435626844918522,8,0.22696949012840162,LC,A,0,521,0,0.35890660513957456,0.2467807839548343,0.09015953218786386,0.18384441207684013,0.12030866664088716,1.4961658462425875,8,0.35890660513957456,LC,A,0,521,0,0.60778658357315,0.1526542927715937,0.03957242891877566,0.08878258984808393,0.11120410488839674,1.1766060968623793,8,A,0.60778658357315,8,LC,118118,A,9,0,,3.00154,0.66248,0.15753,Laranja,521,,0
8,0.22802599179501787,0.3527279083769803,0.14233766457981298,0.12223308450786292,0.1546753507403259,1.5277505709204515,9,0.3527279083769803,LC,B,0,521,0,0.14690155484831924,0.6073981204659187,0.07154445408857599,0.07576858370570397,0.09838728689148209,1.1969141202444502,9,0.6073981204659187,LC,B,0,521,0,0.1092821755635147,0.6852596135286422,0.054923113217663584,0.07418448538400498,0.07635061230617453,1.0496818307525346,9,0.6852596135286422,LC,B,0,521,0,0.07604300226846829,0.7373186619038838,0.05069104662581422,0.08858390116510932,0.04736338803672432,0.9309333379750402,9,B,0.7373186619038838,9,LC,118147,B,23,0,,1.41373,-0.17071,0.01187,Laranja,521,,0
9,0.15149203577687642,0.18570221520149885,0.21616096569041635,0.20343290322998897,0.24321188010121944,1.597458865812747,10,0.15149203577687642,LC,A,0,521,0,0.1569237445993009,0.1599251475457032,0.21308671841598112,0.21005738544931882,0.26000700398969595,1.5912265180527223,10,0.1569237445993009,LC,A,0,521,0,0.2166699287854379,0.13728429687718446,0.17531343225798127,0.20133223496718883,0.2694001071122076,1.5852573514333872,10,0.2166699287854379,LC,A,0,521,0,0.40865881624731615,0.09240182856455104,0.09218260714446906,0.16794295084926808,0.23881379719439566,1.4471558004449419,10,A,0.40865881624731615,10,LC,118306,A,16,0,,2.85223,1.042,0.12609,Laranja,521,,0
10,0.1386093074177325,0.2306037880080243,0.30431036530459327,0.10426631367781418,0.22221022559183576,1.544213170103767,11,0.22221022559183576,LC,E,0,521,0,0.098352041932426,0.19404255866722142,0.20427902906874498,0.0670185341666059,0.4363078361650017,1.4137290902370332,11,0.4363078361650017,LC,E,0,521,0,0.07268028957077335,0.13401340541839887,0.11868710173824021,0.047283825287435265,0.6273353779851523,1.149641539725056,11,0.6273353779851523,LC,E,0,521,0,0.03555624196949319,0.07656947474318467,0.05733272414096368,0.0320383705391138,0.7985031886072447,0.7692101142299534,11,E,0.7985031886072447,11,LC,118264,E,21,0,,1.88081,0.20842,0.03365,Laranja,521,,0
11,0.12967707539655987,0.180340041053579,0.13819213161319843,0.15031610392469624,0.4014746480119664,1.498537706081352,12,0.13819213161319843,LC,C,0,521,0,0.12176163581080791,0.15188201440083027,0.17838503137048045,0.12036572448012488,0.4276055939377565,1.4682537849964648,12,0.17838503137048045,LC,C,0,521,0,0.12954399637789227,0.12690895591886306,0.2844599132668279,0.09968950296871211,0.35939763146770465,1.481976799790562,12,0.2844599132668279,LC,C,0,521,0,0.10611357270617705,0.09232768715390521,0.5196215100992121,0.06536499997855338,0.2165722300621523,1.3077934260583666,12,C,0.5196215100992121,12,LC,89550,C,1,0,,3.10874,0.76811,0.16616,Laranja,521,,0
12,0.13443352453957277,0.12348556457634653,0.3198560989610984,0.12955409669079404,0.29267071523218824,1.5170216090809152,13,0.12348556457634653,LC,B,0,521,0,0.09095878898838683,0.11966264553985075,0.37743566875976786,0.10115702975433752,0.31078586695765703,1.4348287727904783,13,0.11966264553985075,LC,B,0,521,0,0.06900125304679186,0.15970767963198187,0.4047384050259192,0.08263886504857702,0.28391379724673005,1.4070578646203389,13,0.15970767963198187,LC,B,0,521,0,0.04200775943603612,0.3195780994314465,0.31392259008173357,0.06755298957044294,0.25693856148034083,1.3926369993937981,13,B,0.3195780994314465,13,LC,14169,B,14,0,,3.00635,1.13504,0.10103,Laranja,521,,0
13,0.18241097926053282,0.11876703629946736,0.3198396481936663,0.19503350022247085,0.1839488360238627,1.5582535666053827,14,0.11876703629946736,LC,B,0,521,0,0.1873682674187497,0.11042141547865879,0.3211076912510249,0.16430567539374896,0.21679695045781766,1.5500397868662554,14,0.11042141547865879,LC,B,0,521,0,0.1955261297993783,0.15601188391911544,0.28676292096936,0.109414976917442,0.25228408839470423,1.5566864288095794,14,0.15601188391911544,LC,B,0,521,0,0.18088023413360474,0.3090954377873258,0.20894234052010127,0.05024940038693026,0.25083258717203794,1.496519258927338,14,B,0.3090954377873258,14,LC,118278,B,16,0,,2.48291,1.15452,0.08973,Laranja,521,,0
14,0.17338673114704548,0.19947753621623956,0.19705520412789568,0.24522981929661694,0.18485070921220234,1.6022044870017258,15,0.19705520412789568,LC,C,0,521,0,0.14085349897688226,0.18283993462341974,0.24787547563178056,0.24135926661547502,0.1870718241524424,1.589159196835047,15,0.24787547563178056,LC,C,0,521,0,0.10719466451507687,0.1290374496794074,0.37836793902302945,0.18171849651940294,0.20368145026308335,1.5053139838928888,15,0.37836793902302945,LC,C,0,521,0,0.05119606144556613,0.05572471288521413,0.646490723983841,0.07699779571321971,0.16959070597215908,1.0933890103497554,15,C,0.646490723983841,15,LC,59976,C,30,0,,3.49523,0.62543,0.17905,Laranja,521,,0
15,0.22384851365364675,0.2228828206014518,0.2249567922571725,0.11859661251296233,0.20971526097476667,1.5856532128237775,16,0.2249567922571725,LC,C,0,521,0,0.210157114168197,0.21406617481233287,0.2889160948054598,0.0840619865330713,0.20279862968093904,1.548252403495196,16,0.2889160948054598,LC,C,0,521,0,0.164939103673122,0.1812791344920148,0.4403920919666709,0.054128635565518085,0.1592610343026742,1.4184407532884082,16,0.4403920919666709,LC,C,0,521,0,0.09082886925529517,0.09502206095479383,0.7250507240931391,0.022498953312363797,0.06659939238440811,0.9404295410874601,16,C,0.7250507240931391,16,LC,23833,C,20,0,,3.34117,0.44968,0.20117,Laranja,521,,0
16,0.17417061100156622,0.15354644966712258,0.27337153261680913,0.15105688040143764,0.24785452631306443,1.577899405530274,17,0.17417061100156622,LC,A,0,521,0,0.17106755120194625,0.20933477659768293,0.20921902965479547,0.14097120258930199,0.26940743995627336,1.586238939289019,17,0.17106755120194625,LC,A,0,521,0,0.224356374887088,0.2679076793020806,0.11570340141308942,0.1409055701813672,0.25112697421637475,1.5608442333123866,17,0.224356374887088,LC,A,0,521,0,0.4486616669061462,0.23317942306166348,0.0349976087791048,0.11760303159628471,0.16555826965680082,1.3658892473620516,17,A,0.4486616669061462,17,LC,118215,A,2,0,,3.60176,0.95343,0.15078,Laranja,521,,0
17,0.20568807458157845,0.16196003079530824,0.15564354215053902,0.22993183195422973,0.24677652051834456,1.5929339710541843,18,0.22993183195422973,LC,D,0,521,0,0.1433604045685388,0.18284440825422676,0.11217562731694773,0.31267276662309557,0.24894679323719116,1.5442195922154491,18,0.31267276662309557,LC,D,0,521,0,0.09212764451384703,0.2002698406910324,0.09902595661527967,0.372873503059839,0.2357030551200019,1.4792022142470036,18,0.372873503059839,LC,D,0,521,0,0.05933181205981007,0.1566797347493759,0.09803421149705324,0.47231468057545317,0.21363956111830762,1.3697146741286674,18,D,0.47231468057545317,18,LC,118207,D,11,0,,1.28486,0.98541,0.11899,Laranja,521,,0
18,0.14296096300737093,0.21412551702126742,0.22851153944025843,0.22550753266021728,0.18889444787088594,1.596092151372031,19,0.22851153944025843,LC,C,0,521,0,0.0990331539068125,0.1932877909966743,0.34375964274694004,0.22169532348201734,0.1422240888675558,1.5251084291891268,19,0.34375964274694004,LC,C,0,521,0,0.07754252100047394,0.13128486228793113,0.50310852049865,0.16813675345647322,0.11992734275647171,1.3645739924203721,19,0.50310852049865,LC,C,0,521,0,0.04894593650106232,0.06211395848921496,0.71948597118986,0.07990643886688978,0.08954769495297288,0.97513364961698,19,C,0.71948597118986,19,LC,118165,C,4,0,,2.57957,0.47485,0.17883,Laranja,521,,0
19,0.14777874404683553,0.21701563845328856,0.24142172465359973,0.22864899041667297,0.16513490242960321,1.592016814332902,20,0.16513490242960321,LC,E,0,521,0,0.13381727384468856,0.19404384209295691,0.2511320904471087,0.2602488775626216,0.16075791605262424,1.5784881303606526,20,0.16075791605262424,LC,E,0,521,0,0.13724024935203258,0.16968908301069174,0.22541964881991552,0.30608971261813195,0.16156130619922823,1.56626076982375,20,0.16156130619922823,LC,E,0,521,0,0.1459677730978786,0.11177660136275229,0.1847465340838346,0.39143707252985044,0.16607201892568407,1.5031166988423454,20,E,0.16607201892568407,20,LC,118103,E,27,0,,2.38734,2.25308,0.15051,Laranja,521,,0
20,0.1787794241720018,0.21849356007396906,0.2668755407962679,0.12892798805447125,0.20692348690329,1.5827485684028753,21,0.21849356007396906,LC,B,0,521,0,0.14812424554941156,0.21749403407811765,0.22455880051200797,0.0997064744993021,0.31011644536116073,1.5430461997822307,21,0.21749403407811765,LC,B,0,521,0,0.1240164324992595,0.2078380617549463,0.15018694758170104,0.0798916519641301,0.4380669061999631,1.4335791394788306,21,0.2078380617549463,LC,B,0,521,0,0.0857965319307759,0.17856223562621729,0.0772486250418279,0.04547872568619207,0.6129138817149868,1.156732678739447,21,B,0.17856223562621729,21,LC,118192,B,25,0,,3.36624,2.31528,0.19736,Laranja,521,,0
21,0.4035920985054143,0.16284208663677208,0.13228572784987677,0.1727966405268814,0.1284834464810555,1.4963510677569634,22,0.1727966405268814,LC,D,0,521,0,0.402949535129945,0.06119181622951592,0.08245710293153187,0.3667972617889246,0.08660428392008264,1.3227295756241024,22,0.3667972617889246,LC,D,0,521,0,0.293718880257775,0.023555003507507354,0.059449568051005805,0.552525727083749,0.07075082109996289,1.131121176704859,22,0.552525727083749,LC,D,0,521,0,0.1585459473600693,0.0074130780678392065,0.032733768211040064,0.7216889895311984,0.07961821682985303,0.8771431295465317,22,D,0.7216889895311984,22,LC,118170,D,23,0,,1.60663,0.41552,0.00227,Laranja,521,,0
22,0.3155976062491496,0.1877703605959757,0.15412092717892015,0.15238457235783595,0.19012653361811857,1.5685470576489353,23,0.1877703605959757,LC,B,0,521,0,0.3287733531835841,0.19241371469268936,0.1333756652801524,0.1376446132955206,0.20779265354805354,1.5509854100578973,23,0.19241371469268936,LC,B,0,521,0,0.29181017083079247,0.2532572940196339,0.11552335718150665,0.15144592075993507,0.18796325720813187,1.5565917493733006,23,0.2532572940196339,LC,B,0,521,0,0.18512184969510756,0.4544120360635618,0.07834083584728344,0.1664206357039561,0.1157046426900911,1.4181535454967085,23,B,0.4544120360635618,23,LC,90165,B,15,0,,3.81799,0.97593,0.19228,Laranja,521,,0
23,0.20501756991271164,0.28904880723172427,0.16168852473170267,0.1280941609179524,0.21615093720590903,1.5725762842799405,24,0.28904880723172427,LC,B,0,521,0,0.19010521708533226,0.3133576780151217,0.11784141914333039,0.1131620051321221,0.2655336806240935,1.5298996177586262,24,0.3133576780151217,LC,B,0,521,0,0.16126123224580502,0.3676618678003586,0.09071897108870924,0.10969972194488282,0.27065820692024434,1.4760221566220912,24,0.3676618678003586,LC,B,0,521,0,0.09176784648992922,0.5568194986287612,0.0758344384788048,0.08589877296663963,0.18967944343586507,1.2669777351280676,24,B,0.5568194986287612,24,LC,77356,B,13,0,,3.62272,0.75063,0.23761,Laranja,521,,0
24,0.2258093084238925,0.19874415982477855,0.1851381445793022,0.21265473899303822,0.17765364817898854,1.6055797562507301,25,0.1851381445793022,LC,C,0,521,0,0.18891027250160378,0.19219719838914887,0.22792642606884092,0.24926355266912542,0.14170255037128102,1.5920143663252257,25,0.22792642606884092,LC,C,0,521,0,0.13571361087014402,0.17428647501911035,0.32894081371479617,0.255524826288983,0.10553427410696647,1.527242458534607,25,0.32894081371479617,LC,C,0,521,0,0.06405840581482936,0.10940789431328746,0.5784549155437668,0.17730336644627143,0.07077541788184497,1.228903294639811,25,C,0.5784549155437668,25,LC,118276,C,16,0,,2.59876,0.75076,0.13733,Laranja,521,,0
25,0.2035778863207741,0.11757640435602583,0.29053205990939707,0.1053512753321999,0.28296237408160313,1.529149532373485,26,0.1053512753321999,LC,D,0,521,0,0.1560575918140477,0.07110773463470746,0.328124832338632,0.08259991544501888,0.362109925767594,1.4173259756227903,26,0.08259991544501888,LC,D,0,521,0,0.12876482249518356,0.07623396399859964,0.3397903318993198,0.0986140255545079,0.3565968560523891,1.4230870749567175,26,0.0986140255545079,LC,D,0,521,0,0.08862957366803455,0.09586888961384592,0.34325475180714615,0.22308811661887673,0.24915866829209662,1.487523635670229,26,D,0.22308811661887673,26,LC,118299,D,18,0,,3.76828,1.13537,0.08402,Laranja,521,,0
26,0.42732517388256863,0.17484013587103037,0.1487119210654014,0.10965654822882406,0.13946622095217556,1.4687479708642865,27,0.10965654822882406,LC,D,0,521,0,0.4195260045989426,0.203654294953807,0.12631876715763488,0.12221700751560662,0.1282839257740089,1.4701681698111695,27,0.12221700751560662,LC,D,0,521,0,0.3679052604479533,0.20081094996996482,0.11116879773448897,0.2115764180897623,0.1085385737578306,1.5041048036946232,27,0.2115764180897623,LC,D,0,521,0,0.24989385017219862,0.13038415515459276,0.0730911258743958,0.4841675923503502,0.06246327644846265,1.327770370543742,27,D,0.4841675923503502,27,LC,81992,D,12,0,,3.58061,0.76482,0.09494,Laranja,521,,0
27,0.28458734457127804,0.1834372044208917,0.18273969171233972,0.17180191502869951,0.17743384426679104,1.5887597174569152,28,0.17743384426679104,LC,E,0,521,0,0.21774698908947318,0.15404144455031632,0.20044766638338785,0.12115534839003202,0.3066085515867906,1.5604257145536726,28,0.3066085515867906,LC,E,0,521,0,0.10439015382501224,0.0836976406627101,0.1446779637725348,0.06257568860526835,0.6046585531344745,1.2008151397200282,28,0.6046585531344745,LC,E,0,521,0,0.027692987517777354,0.026579690808116126,0.05265957789108569,0.019271402003076046,0.8737963417799448,0.544756011367176,28,E,0.8737963417799448,28,LC,32261,E,24,0,,4.49928,0.23211,0.20659,Laranja,521,,0
28,0.16052975900024613,0.40286384226412814,0.1402945888408607,0.163271827513095,0.13303998238167003,1.4997192174626945,29,0.13303998238167003,LC,E,1,521,0,0.10263362233538252,0.5812609126515974,0.08886062264855149,0.12685488264743608,0.10038995971703253,1.2568091017016967,29,0.10038995971703253,LC,E,1,521,0,0.060817643686675124,0.7055520844739593,0.06720300244979635,0.09357749708536499,0.07284977230420416,1.0103124690802037,29,0.07284977230420416,LC,E,1,521,0,0.03016867676724323,0.772548178033392,0.06603716897720932,0.0782243873127602,0.053021588909395255,0.8394987469506053,29,E,0.053021588909395255,29,LC,118260,E,15,1,Não permitiu a convergência do algoritmo de estimação da TRI,,,,Laranja,521,,0
29,0.20014762759859106,0.1338188065474135,0.14625923751640307,0.2849579563505767,0.2348163719870157,1.5702657365446246,30,0.20014762759859106,LC,A,0,521,0,0.21715449769486436,0.09753404095636324,0.09448268467888925,0.37040420285193526,0.2204245738179479,1.4827558254742255,30,0.21715449769486436,LC,A,0,521,0,0.266638484334128,0.0902571387493482,0.057255913461641626,0.42574348784261384,0.16010497561226833,1.3901512245622678,30,0.266638484334128,LC,A,0,521,0,0.4178292279049016,0.08449160467770027,0.023373486739938054,0.39057982205520236,0.08372585862225769,1.236064640119237,30,A,0.4178292279049016,30,LC,118134,A,26,0,,3.34867,1.04002,0.20217,Laranja,521,,0
30,0.31838993450266667,0.07326557152192338,0.3154094499906186,0.12314663250539701,0.16978841147939433,1.4788128183114781,31,0.31838993450266667,LC,A,0,521,0,0.6619650742931549,0.018495119224558505,0.19983766442366588,0.05906830515661742,0.06063383690200328,1.0057359576240459,31,0.6619650742931549,LC,A,0,521,0,0.8206465470119547,0.010870101112733087,0.12042640120555016,0.02755145131176462,0.02050549935799738,0.6449342885617559,31,0.8206465470119547,LC,A,0,521,0,0.9178956211998139,0.011740525387439481,0.05681445554867346,0.008842900282689905,0.004706497581383188,0.36079434633201324,31,A,0.9178956211998139,31,LC,89874,A,10,0,,2.50294,-0.16837,0.05346,Laranja,521,,0
31,0.3261925108763207,0.21954630205096334,0.182394171673227,0.17324640908777017,0.0986206063117188,1.5408165962238314,32,0.3261925108763207,LC,A,0,521,0,0.42786924955038186,0.14770410733386638,0.17344862992409546,0.17222463971601712,0.07875337347563917,1.4526670701648625,32,0.42786924955038186,LC,A,0,521,0,0.4744595247036103,0.108419076229816,0.16406415964808754,0.1897730808433024,0.06328415857518374,1.3812335981524393,32,0.4744595247036103,LC,A,0,521,0,0.5128405320246494,0.07315660665910227,0.15629779138130365,0.22144314152790856,0.03626192840703618,1.277998814564245,32,A,0.5128405320246494,32,LC,86932,A,14,0,,0.6609,0.48081,0.02482,Laranja,521,,0
32,0.11259200404180854,0.10250043721486574,0.19810043635123142,0.3577540326324221,0.22905308975967217,1.5054221858670345,33,0.3577540326324221,LC,D,0,521,0,0.025757040179097444,0.02650685004873764,0.07549085767537517,0.7780584209004145,0.0941868311963752,0.8032950941818006,33,0.7780584209004145,LC,D,0,521,0,0.009576905682054448,0.007806421328120479,0.026390076713843857,0.9257339686499949,0.03049262762598625,0.3561870513510787,33,0.9257339686499949,LC,D,0,521,0,0.0036434947544391697,0.0027133319759529346,0.009421648788537995,0.9755285746434197,0.00869294983765016,0.14586146143290107,33,D,0.9755285746434197,33,LC,24785,D,28,0,,4.0897,-0.15593,0.18836,Laranja,521,,0
33,0.23483342291991824,0.20899362963826448,0.17846079453586594,0.18124985158848889,0.19646230131746248,1.6042243492224184,34,0.18124985158848889,LC,D,0,521,0,0.2600817345214714,0.1833323327358337,0.18800869662169695,0.17080842560271706,0.1977688105182809,1.5978653837122465,34,0.17080842560271706,LC,D,0,521,0,0.24215919432663083,0.18625616017308583,0.20103413637378298,0.19466146951250923,0.1758890396139911,1.6032038423008403,34,0.19466146951250923,LC,D,0,521,0,0.14345603206172053,0.18741431578134352,0.18223732624474095,0.3393921060027762,0.14750021990941878,1.5516656074691717,34,D,0.3393921060027762,34,LC,118028,D,29,0,,2.78473,1.21063,0.13942,Laranja,521,,0
34,0.1988519885198852,0.25242657689734793,0.09949288966573876,0.21175201225696466,0.23747653266006344,1.5684083298553295,35,0.25242657689734793,LC,B,0,521,0,0.16467212886265242,0.27545850067652033,0.06139288141917029,0.2567625231314208,0.24171396591023614,1.5158326986836392,35,0.27545850067652033,LC,B,0,521,0,0.1600897486822188,0.2752020955673169,0.04978260636185037,0.27473188117961544,0.24019366820899848,1.4952524621206242,35,0.2752020955673169,LC,B,0,521,0,0.17465890204465517,0.2884269339620616,0.04776659752373836,0.261544936461514,0.22760263000803088,1.4963073894004384,35,B,0.2884269339620616,35,LC,118246,B,17,0,,0.98835,2.9006,0.22558,Laranja,521,,0
35,0.14428539950140634,0.16340175674332796,0.2029047184933312,0.09810499846619802,0.3913031267957365,1.4938983548820837,36,0.3913031267957365,LC,E,0,521,0,0.057553077680039616,0.0473909771695763,0.08070723074185478,0.033322685281462316,0.781026029127067,0.8183371751804575,36,0.781026029127067,LC,E,0,521,0,0.02652567107653178,0.015466338410861607,0.032011374578332114,0.015005264817082455,0.9109913511171921,0.4188683825895919,36,0.9109913511171921,LC,E,0,521,0,0.010524420127819501,0.004324252474600108,0.011482744796211294,0.00670184096955872,0.9669667416318104,0.18878709752058392,36,E,0.9669667416318104,36,LC,89317,E,28,0,,3.23142,-0.1884,0.16189,Laranja,521,,0
36,0.19281062675591346,0.24446415239278949,0.21199998273756349,0.1491345045896503,0.20159073352408324,1.5972362748243412,37,0.21199998273756349,LC,C,0,521,0,0.12256384426607225,0.20350433487295447,0.4247532498151383,0.09714402066164414,0.15203455038419084,1.457839656984222,37,0.4247532498151383,LC,C,0,521,0,0.08284196279383028,0.13803561891238553,0.6134985510914539,0.06545077035603898,0.10017309684629129,1.1883626606192716,37,0.6134985510914539,LC,C,0,521,0,0.05775086416152744,0.07018792832820125,0.7935061370478699,0.03449140984843936,0.04406366061396211,0.7883824869786523,37,C,0.7935061370478699,37,LC,86496,C,30,0,,2.30147,0.21937,0.08452,Laranja,521,,0
37,0.20930679306534053,0.3217575804669153,0.1860193051526454,0.14841051940875813,0.13450580190634065,1.5580443518788543,38,0.14841051940875813,LC,D,0,521,0,0.2190009542291651,0.360409139156633,0.13998005768261695,0.15125282784204827,0.12935702108953673,1.525876791379651,38,0.15125282784204827,LC,D,0,521,0,0.21597140219421604,0.3416471649097194,0.11194366318139855,0.19011958692058312,0.14031818279408292,1.5342313386386854,38,0.19011958692058312,LC,D,0,521,0,0.21502936580172075,0.299964795383902,0.08744053854476139,0.28402826673077913,0.1135370335388367,1.5092706918556695,38,D,0.28402826673077913,38,LC,118256,D,17,0,,1.92141,1.54986,0.12387,Laranja,521,,0
38,0.14642358721934742,0.19899181850144626,0.24330952725045135,0.2252489716505575,0.18602609537819748,1.5951019385245317,39,0.18602609537819748,LC,E,0,521,0,0.07517049143097106,0.16107074831972473,0.21622577071982413,0.302402413340218,0.2451305761892621,1.5260941195417028,39,0.2451305761892621,LC,E,0,521,0,0.031319900918965866,0.1279946813644016,0.19584159902205733,0.3497539058730176,0.2950899128215576,1.418488785134568,39,0.2950899128215576,LC,E,0,521,0,0.008258828069724063,0.08298707146073198,0.17932076928024698,0.3418344375120602,0.38759889367723677,1.2886458748376084,39,E,0.38759889367723677,39,LC,118235,E,22,0,,1.44895,1.42761,0.14063,Laranja,521,,0
39,0.18291985206647077,0.10235955274503919,0.35673311297311416,0.08830673106193906,0.26968075115343676,1.4794766210676717,40,0.35673311297311416,LC,C,0,521,0,0.1403801345711536,0.03715389941245694,0.5687978410311263,0.0448384738885233,0.2088296510967399,1.1851777097195177,40,0.5687978410311263,LC,C,0,521,0,0.09896864323720347,0.016275663283141638,0.7171500324912767,0.029415864750503454,0.13818979623787475,0.9115873473179419,40,0.7171500324912767,LC,C,0,521,0,0.04933324757739473,0.005848555012434611,0.8530722065003001,0.016600205814252637,0.07514578509561787,0.5766198427711562,40,C,0.8530722065003001,40,LC,118117,C,10,0,,2.52418,0.19306,0.22915,Laranja,521,,0
40,0.4399517473251704,0.09600685377885773,0.17789181560400005,0.14272088115081336,0.1434287021411585,1.449745635848812,41,0.4399517473251704,LC,A,0,521,0,0.6631179228705394,0.0462172448376064,0.0962361028964264,0.1005755993862559,0.09385313000917188,1.09285023453082,41,0.6631179228705394,LC,A,0,521,0,0.7287701553230642,0.04334976214681268,0.0658868342148271,0.08838744546963673,0.07360580284565924,0.9523019859994905,41,0.7287701553230642,LC,A,0,521,0,0.7703345281789181,0.05176568449216204,0.04027458580592049,0.08793263129009021,0.049692570232909135,0.8465992500663857,41,A,0.7703345281789181,41,LC,68624,A,30,0,,1.7516,-0.24965,0.17322,Laranja,521,,0
41,0.14470697738703778,0.1487907431762671,0.31265103562659136,0.1882743444055,0.2055768994046038,1.5663127002143644,42,0.14470697738703778,LC,A,0,521,0,0.16212732739430488,0.1204712048621685,0.3422004143308728,0.1619621955247119,0.21323885788794195,1.541252070429629,42,0.16212732739430488,LC,A,0,521,0,0.27437827716964197,0.08833166567179562,0.32522191350204627,0.10349307097367098,0.20857507268284514,1.4961748852953907,42,0.27437827716964197,LC,A,0,521,0,0.5909229389527524,0.036191959630807256,0.2048217327686452,0.038727907006680995,0.1293354616411141,1.1462009657263992,42,A,0.5909229389527524,42,LC,96525,A,28,0,,3.89027,0.76252,0.11963,Laranja,521,,0
42,0.20376731565257217,0.141240850681392,0.15210121069141627,0.2831125398594872,0.21977808311513233,1.5772924378200555,43,0.21977808311513233,LC,E,0,521,0,0.18288300079602973,0.11349967708228287,0.11568822240770024,0.2954965315847857,0.29243256812920143,1.5269859447780854,43,0.29243256812920143,LC,E,0,521,0,0.18611275199501648,0.11255866905818038,0.09509059469212841,0.2839378349640736,0.32230014929060113,1.5049404144148724,43,0.32230014929060113,LC,E,0,521,0,0.17700607602334156,0.13949286260624447,0.06452229737278595,0.259612492372743,0.35936627162488505,1.475987217445754,43,E,0.35936627162488505,43,LC,118232,E,16,0,,0.78671,1.66055,0.07838,Laranja,521,,0
43,0.12158596776074031,0.2623747198604376,0.20441227907298096,0.19025524546486974,0.22137178784097142,1.5812952209931943,44,0.20441227907298096,LC,C,0,521,0,0.0633933147620365,0.26696775328053596,0.19817675328268045,0.13541606352841773,0.33604611514632937,1.4854088658105873,44,0.19817675328268045,LC,C,0,521,0,0.037952757595595576,0.22601229890855234,0.2347310016205368,0.08754976979791584,0.4137541720773994,1.3788388956525597,44,0.2347310016205368,LC,C,0,521,0,0.020539981637363675,0.14689036476433187,0.43818698998635675,0.054126873804068956,0.3402557898078788,1.2477760516521617,44,C,0.43818698998635675,44,LC,118174,C,19,0,,3.99087,0.86875,0.1868,Laranja,521,,0
44,0.37147481897937823,0.1653821666360919,0.17278917437330715,0.172154657976238,0.11819918203498474,1.5241125801709186,45,0.172154657976238,LC,D,0,521,0,0.3523556920200437,0.09979180112397375,0.10700693210057871,0.35531250201015907,0.08553307274524477,1.414655473875101,45,0.35531250201015907,LC,D,0,521,0,0.26098909943147064,0.05729934605173639,0.07072170391403167,0.5413648567730969,0.0696249938296644,1.2195079894247027,45,0.5413648567730969,LC,D,0,521,0,0.15324639111130178,0.028753136998348385,0.05249565646382531,0.7200210205701293,0.045483794856395185,0.9212685441565766,45,D,0.7200210205701293,45,LC,76167,D,1,0,,1.82086,0.2283,0.00715,Laranja,521,,0
